iteration,loss
0,0.2619274920558021
1,0.25032172190189295
2,0.23570575466104507
3,0.21968996353713188
4,0.20267408775371873
5,0.1844052541352511
6,0.16377506470229625
7,0.13870184327012117
8,0.11009746938160371
9,0.09867643578174153
10,0.09542645865312029
11,0.09251920555538119
12,0.09037174203779712
13,0.08894790184502915
14,0.08796278046701075
15,0.08717451423207552
16,0.08643503827399551
17,0.0858373037197042
18,0.0855694895731178
19,0.08537683404608343
20,0.08515647187123876
21,0.0849135705010871
22,0.08467870294260034
23,0.08445815062919293
24,0.08425736364627809
25,0.08409861663161344
26,0.08398847202524909
27,0.08389367285787136
28,0.0837683961932524
29,0.08359726232206413
30,0.0834025749686565
31,0.08322013596741673
32,0.08307374906045259
33,0.08296649061652668
34,0.08288776261301327
35,0.08282531246265533
36,0.08277142838996734
37,0.08272265302062594
38,0.08267781557270422
39,0.08263682197640189
40,0.08260055699266458
41,0.0825710770113827
42,0.0825502764726373
43,0.08253769685179567
44,0.08253033233668057
45,0.0825247965500032
46,0.0825192375719776
47,0.08251325264562509
48,0.08250664402616283
49,0.08249880724778581
50,0.08248925886659675
51,0.08247841620828103
52,0.08246734039983712
53,0.08245686907413857
54,0.08244723428019038
55,0.08243842890304277
56,0.08243057084757784
57,0.08242378977528515
58,0.08241805278799218
59,0.08241313652709684
60,0.08240881748153385
61,0.08240499773604196
62,0.08240162628320735
63,0.08239864732149532
64,0.0823960308156536
65,0.08239383776790635
66,0.08239216006274791
67,0.08239097340770687
68,0.08239009527044064
69,0.08238928174369457
70,0.08238835751171798
71,0.08238729255619892
72,0.08238615914469875
73,0.08238504435065051
74,0.08238401397039932
75,0.08238311762224973
76,0.0823823777352339
77,0.08238177093165969
78,0.08238123666669253
79,0.08238072261157083
80,0.08238021008108122
