iteration,loss,T1,T2
0,0.0014058072119951248,0.04154,0.30352
1,0.0005694484570994973,0.04154,0.30352
2,0.00025635556085035205,0.04154,0.30352
3,0.00012988991511519998,0.04154,0.30352
4,7.387720688711852e-5,0.04154,0.30352
5,4.642000931198709e-5,0.04154,0.30352
6,3.1578136258758605e-5,0.04154,0.30352
7,2.287614915985614e-5,0.04154,0.30352
8,1.744914334267378e-5,0.04154,0.30352
9,1.3918760487285908e-5,0.04154,0.30352
10,1.1548625479917973e-5,0.04154,0.30352
11,9.917647730617318e-6,0.04154,0.30352
12,8.776422873779666e-6,0.04154,0.30352
13,7.963384632603265e-6,0.04154,0.30352
14,7.375412678811699e-6,0.04154,0.30352
15,6.9450557020900305e-6,0.04154,0.30352
16,6.625212790822843e-6,0.04154,0.30352
17,6.384546395565849e-6,0.04154,0.30352
18,6.201587439136347e-6,0.04154,0.30352
19,6.0609017964452505e-6,0.04154,0.30352
20,5.951514140178915e-6,0.04154,0.30352
